<?xml version='1.0' encoding='utf-8'?>
<!DOCTYPE hibernate-configuration PUBLIC
        "-//Hibernate/Hibernate Configuration DTD//EN"
        "http://www.hibernate.org/dtd/hibernate-configuration-3.0.dtd">
<hibernate-configuration >
    <session-factory>
        <property name="hibernate.connection.driver_class">com.mysql.cj.jdbc.Driver</property>
        <property name="hibernate.connection.url">jdbc:mysql://localhost:3306/user_db?serverTimezone=UTC</property>
        <property name="hibernate.connection.username">root</property>
        <property name="hibernate.connection.password">1111</property>
        <property name="hibernate.current_session_context_class">thread</property>
        <property name="dialect">org.hibernate.dialect.MySQLDialect</property>

        <!--Create table ddl code hibernate-->
        <property name="hibernate.hbm2ddl.auto">update</property>

        <!--Show sql code-->
        <property name="show_sql">true</property>
        <!--        <property name="format_sql">true</property>-->
        <property name="use_sql_comments">true</property>

        <mapping class="ru.sapteh.models.Attacheadproduct"/>
        <mapping class="ru.sapteh.models.Client"/>
        <mapping class="ru.sapteh.models.Clientservice"/>
        <mapping class="ru.sapteh.models.Documentbyservice"/>
        <mapping class="ru.sapteh.models.Gender"/>
        <mapping class="ru.sapteh.models.Manufacturer"/>
        <mapping class="ru.sapteh.models.Product"/>
        <mapping class="ru.sapteh.models.Productphoto"/>
        <mapping class="ru.sapteh.models.Productsale"/>
        <mapping class="ru.sapteh.models.Service"/>
        <mapping class="ru.sapteh.models.Servicephoto"/>
        <mapping class="ru.sapteh.models.Tag"/>
        <mapping class="ru.sapteh.models.Tagofclient"/>

    </session-factory>
</hibernate-configuration>